{"cameraMode":{"drawMode":0,"name":"Shaded","section":"Shading Mode"},"sceneLighting":false,"audioPlay":false,"sceneViewState":{"showFog":true,"showMaterialUpdate":false,"showSkybox":true,"showFlares":true,"showImageEffects":true,"showParticleSystems":true},"in2DMode":false,"pivot":{"x":-0.13303756713867188,"y":-6.622539520263672,"z":4.225707054138184},"rotation":{"x":0.2822047472000122,"y":-0.20937103033065797,"z":0.06325451284646988,"w":0.9340900182723999},"size":28.120065689086915,"orthographic":false}